Date,Period,ResponseID,Survey,CONSENT,REPEAT,REPEAT_WHEN,AGE,EMPLOY,GENDER,INCOME,RESIDENT,ZIPCODE,VISIT_WHY,VISIT_WHY_OTHER,VISIT_FROM,PELICAN_TOTAL,PELICAN_TOTAL_N,PELICAN_INJURED,PELICAN_INJURED_N,PELICAN_DEAD,PELICAN_DEAD_N,PELICAN_FED,PELICAN_FED_TYPE,PELICAN_FED_TYPE_TEXT,TIME,REASON,REASON_TEXT,COMPANY,COMPANY_TEXT,LOCATION,FREQUENCY,TACKLE_C,TTACKLE_C,TACKLE_T,TTACKLE_T,ISSUE_CONCERN,ISSUE_CONFIDENT,ISSUE_CUT,ISSUE_NORM,ACTION_GEAR,ACTION_ZONE,ACTION_ENFORCE,ACTION_DEMOLISH,ACTION_VIDEO,REG_AWARE,REG_AFFECT.R,REG_DIFFICULT,REG_ENOUGH.R,REG_CAUSE.R,REG_SNORM,REG_REDUCE,REG_ENFORCE.R,REG_DNORM
9/22/2023,Unregulated,R_092201,In Person,I agree,No,NA,40,Full-time,Male,"$50,001 - $75,000",Yes,33634,NA,NA,NA,No,NA,No,NA,No,NA,Yes,I'm not sure,NA,Morning (7am - 11am),Fishing for fun or sport,NA,"No, just me",NA,Section B (markers 108-146),Once or twice a month,All of them,Two of them,NA,NA,Somewhat disagree,Somewhat agree,Strongly disagree,Somewhat agree,Slightly effective,Not effective at all,Very effective,Not effective at all,Slightly effective,Yes,Disagree,Somewhat agree,Strongly disagree,Strongly agree,Agree,Somewhat disagree,Somewhat agree,Agree
9/22/2023,Unregulated,R_092202,In Person,I agree,No,NA,25,Full-time,Male,"$50,001 - $75,000",Yes,33712,NA,NA,NA,Yes,4,No,NA,No,NA,No,NA,NA,Morning (7am - 11am),Fishing for fun or sport,NA,"No, just me",NA,Section B (markers 108-146),Once or twice a month,Two of them,Two of them,NA,NA,Agree,Agree,Strongly disagree,Somewhat agree,Moderately effective,Not effective at all,Very effective,Not effective at all,Slightly effective,Yes,Disagree,Disagree,Somewhat disagree,Strongly disagree,Agree,Strongly agree,Somewhat agree,Agree
9/22/2023,Unregulated,R_092203,In Person,I agree,No,NA,64,Part-time,Male,"$50,001 - $75,000",Yes,34222,NA,NA,NA,Yes,2,No,NA,No,NA,No,NA,NA,Morning (7am - 11am),"Fishing for fun or sport,Fishing for my own food",NA,"No, just me",NA,Section A (markers 147-172),A few times per year,All of them,Three of them,NA,NA,Somewhat agree,Strongly agree,Strongly disagree,Somewhat agree,Slightly effective,Not effective at all,Extremely effective,Not effective at all,Moderately effective,Yes,Disagree,Somewhat disagree,Disagree,Agree,Agree,Disagree,Somewhat disagree,Somewhat disagree
9/22/2023,Unregulated,R_092204,In Person,I agree,No,NA,20,Student,Male,"$25,000 or less",No,NA,Something else,School,MA,No,12,No,NA,No,NA,No,NA,NA,Morning (7am - 11am),"Fishing for fun or sport,Fishing for my own food",NA,"Yes, with a friend",NA,Section B (markers 108-146),Once or twice a month,All of them,All of them,NA,NA,Somewhat agree,Agree,Disagree,Somewhat agree,Not effective at all,Slightly effective,Moderately effective,Not effective at all,Extremely effective,No,NA,NA,NA,NA,NA,NA,NA,NA
9/22/2023,Unregulated,R_092205,In Person,I agree,No,NA,60,Retired,Male,"$75,001 - $100,000",No,34608,Something else,Seasonal resident,PA,Yes,20,Yes,20,No,NA,No,I'm not sure,NA,Morning (7am - 11am),Fishing for fun or sport,NA,"Yes, with a friend",NA,Section A (markers 147-172),Once or twice a month,All of them,All of them,NA,NA,Agree,Agree,Somewhat disagree,Agree,Very effective,Not effective at all,Slightly effective,Moderately effective,Not effective at all,Yes,Somewhat disagree,Somewhat agree,Somewhat disagree,Somewhat agree,Somewhat disagree,NA,Somewhat agree,Strongly agree
9/22/2023,Unregulated,R_092206,In Person,I agree,No,NA,42,Full-time,Female,"$75,001 - $100,000",Yes,33805,NA,NA,NA,No,NA,No,NA,No,NA,No,NA,NA,Morning (7am - 11am),"Fishing for fun or sport,Fishing for my own food,Something else",Enjoying the openness of the pier,"Yes, with my spouse or significant other",NA,Section B (markers 108-146),Once or twice a month,NA,NA,Three of them,Three of them,Agree,Strongly agree,Somewhat agree,Somewhat agree,Slightly effective,Not effective at all,Very effective,Moderately effective,Extremely effective,Yes,Somewhat disagree,Somewhat disagree,Disagree,Somewhat agree,Strongly agree,Agree,Agree,Strongly agree
9/22/2023,Unregulated,R_092207,In Person,I agree,No,NA,NA,Part-time,Male,NA,Yes,33594,NA,NA,NA,No,NA,No,NA,No,10,No,NA,NA,Morning (7am - 11am),"Fishing for fun or sport,Fishing for my own food",NA,"No, just me",NA,Section C (markers 73-107),At least once a week,NA,NA,Three of them,Four of them,Agree,Strongly agree,NA,Strongly agree,Not effective at all,Not effective at all,Slightly effective,Moderately effective,Very effective,No,Strongly disagree,Somewhat agree,Strongly disagree,Strongly disagree,Strongly disagree,Strongly disagree,Strongly disagree,Somewhat disagree
9/22/2023,Unregulated,R_092208,In Person,I agree,No,NA,19,Full-time,Female,"$25,000 or less",Yes,33716,NA,NA,NA,Yes,2,No,NA,No,NA,No,NA,NA,Morning (7am - 11am),Fishing for my own food,NA,"Yes, with my spouse or significant other",NA,Section C (markers 73-107),Once or twice a month,NA,NA,Two of them,One of them,Agree,Somewhat agree,Somewhat disagree,Somewhat disagree,Moderately effective,Slightly effective,Slightly effective,Not effective at all,Slightly effective,Yes,Somewhat disagree,Disagree,Disagree,Disagree,Agree,Agree,Somewhat disagree,Agree
9/22/2023,Unregulated,R_092209,In Person,I agree,No,NA,25,Full-time,Male,"$50,001 - $75,000",Yes,33716,NA,NA,NA,No,NA,No,NA,No,NA,Yes,Dead fish or used bait,NA,Morning (7am - 11am),"Fishing for fun or sport,Fishing for my own food",NA,"No, just me",NA,Section C (markers 73-107),At least once a week,NA,NA,All of them,All of them,Somewhat agree,Strongly agree,Strongly disagree,Somewhat agree,Not effective at all,Not effective at all,Very effective,Very effective,Extremely effective,Yes,Agree,Agree,Agree,Agree,Disagree,Strongly disagree,Agree,Disagree
9/22/2023,Unregulated,R_092210,In Person,I agree,No,NA,19,Student,Male,"$25,000 or less",No,NA,Something else,College,NJ,Yes,3,No,NA,No,NA,No,NA,NA,"Morning (7am - 11am),Late night or early morning (7pm - 7am)",Fishing for fun or sport,NA,"Yes, with a friend",NA,Section B (markers 108-146),Once or twice a month,NA,NA,All of them,Four of them,Agree,Somewhat agree,Disagree,Somewhat agree,Not effective at all,Slightly effective,Very effective,Slightly effective,Extremely effective,No,NA,NA,NA,NA,NA,NA,NA,NA
9/22/2023,Unregulated,R_092211,In Person,I agree,No,NA,24,Full-time,Male,"$50,001 - $75,000",Yes,33810,NA,NA,NA,Yes,2,No,NA,No,NA,No,NA,NA,Morning (7am - 11am),Fishing for fun or sport,NA,"Yes, with a friend",NA,Section A (markers 147-172),A few times per year,NA,NA,All of them,Three of them,Somewhat disagree,Strongly agree,Strongly disagree,Somewhat agree,Slightly effective,Not effective at all,Slightly effective,Not effective at all,Very effective,Yes,Somewhat agree,Somewhat disagree,Disagree,Somewhat disagree,Disagree,Somewhat disagree,Disagree,Strongly agree
9/24/2023,Unregulated,R_092401,In Person,I agree,No,NA,64,Retired,Male,NA,Yes,33762,NA,NA,NY,No,NA,No,NA,No,NA,No,NA,NA,Morning (7am - 11am),Fishing for fun or sport,NA,"Yes, with a friend",NA,Section A (markers 147-172),A few times per year,One of them,Three of them,NA,NA,Strongly agree,Disagree,Disagree,Somewhat agree,Moderately effective,Moderately effective,Very effective,Slightly effective,Moderately effective,Yes,NA,Somewhat agree,Somewhat agree,Somewhat agree,Disagree,Somewhat agree,Somewhat agree,Somewhat agree
9/24/2023,Unregulated,R_092402,In Person,I agree,No,NA,59,Retired,Female,"$25,001 - $50,000",Yes,33981,NA,NA,NA,No,NA,No,NA,No,NA,No,NA,NA,Morning (7am - 11am),"Fishing for fun or sport,Watching friends or family fish",NA,"Yes, with a friend,Yes, with my spouse or significant other",NA,Section A (markers 147-172),A few times per year,Three of them,All of them,NA,NA,Strongly disagree,Somewhat disagree,Somewhat disagree,Disagree,Not effective at all,Not effective at all,Extremely effective,Not effective at all,Moderately effective,Yes,Strongly disagree,Strongly agree,Strongly disagree,Strongly agree,Strongly agree,Strongly disagree,Strongly agree,Disagree
9/24/2023,Unregulated,R_092403,In Person,I agree,No,NA,18,Part-time,Male,"$25,000 or less",Yes,34653,NA,NA,NA,Yes,12,No,NA,No,NA,No,NA,NA,"Morning (7am - 11am),Late night or early morning (7pm - 7am)",Fishing for fun or sport,NA,"Yes, with a parent or sibling",NA,Section B (markers 108-146),A few times per year,All of them,All of them,NA,NA,Somewhat agree,Somewhat disagree,Disagree,Disagree,Slightly effective,Slightly effective,Moderately effective,Moderately effective,Very effective,Yes,Strongly disagree,Strongly agree,Somewhat disagree,Somewhat disagree,Disagree,Agree,Disagree,Strongly disagree
9/24/2023,Unregulated,R_092404,In Person,I agree,No,NA,43,Retired,Male,"$75,001 - $100,000",Yes,33572,NA,NA,NA,Yes,10,No,NA,No,NA,No,NA,NA,Morning (7am - 11am),Fishing for fun or sport,NA,"No, just me",NA,Section B (markers 108-146),A few times per year,One of them,All of them,NA,NA,Strongly agree,Strongly agree,Strongly disagree,Somewhat disagree,Extremely effective,Extremely effective,Extremely effective,Extremely effective,Extremely effective,Yes,Disagree,Strongly disagree,Somewhat agree,Somewhat agree,Strongly agree,Strongly agree,Disagree,Agree
9/24/2023,Unregulated,R_092405,In Person,I agree,No,NA,27,Full-time,Male,NA,Yes,34114,NA,NA,NA,Yes,2,No,NA,No,NA,No,NA,NA,"Morning (7am - 11am),Late night or early morning (7pm - 7am)","Fishing for fun or sport,Watching friends or family fish",NA,"Yes, with a friend",NA,Section B (markers 108-146),A few times per year,Three of them,Three of them,NA,NA,Strongly agree,Strongly agree,Strongly disagree,Strongly agree,Moderately effective,Extremely effective,Extremely effective,Extremely effective,Moderately effective,No,Strongly agree,Strongly disagree,Somewhat agree,Somewhat agree,Strongly agree,Somewhat agree,Somewhat agree,Somewhat agree
9/24/2023,Unregulated,R_092406,In Person,I agree,No,NA,39,Full-time,Female,"$50,001 - $75,000",Yes,33948,NA,NA,NA,No,NA,No,NA,No,NA,No,NA,NA,Morning (7am - 11am),"Fishing for fun or sport,Fishing for my own food",NA,"Yes, with my children",NA,Section A (markers 147-172),A few times per year,NA,NA,Four of them,All of them,Agree,Strongly agree,Somewhat agree,Somewhat disagree,Slightly effective,Slightly effective,Not effective at all,Not effective at all,Extremely effective,Yes,Somewhat disagree,Disagree,Somewhat agree,Somewhat agree,Agree,Disagree,Somewhat disagree,Somewhat agree
9/24/2023,Unregulated,R_092407,In Person,I agree,No,NA,62,Full-time,Male,"$100,001 or more",Yes,34219,NA,NA,NA,Yes,5,No,NA,No,NA,No,NA,NA,Morning (7am - 11am),Fishing for fun or sport,NA,"Yes, with my children",NA,Section A (markers 147-172),A few times per year,NA,NA,Four of them,Three of them,Somewhat agree,Disagree,Strongly disagree,Somewhat disagree,Not effective at all,Moderately effective,Moderately effective,Not effective at all,Very effective,Yes,Agree,Somewhat disagree,Somewhat agree,Agree,Disagree,Somewhat disagree,Disagree,Somewhat agree
9/24/2023,Unregulated,R_092408,In Person,I agree,No,NA,57,Part-time,Female,"$100,001 or more",Yes,34203,NA,NA,NA,Yes,20,No,NA,No,NA,No,NA,NA,Morning (7am - 11am),Fishing for fun or sport,NA,"Yes, with my spouse or significant other",NA,Section B (markers 108-146),Once or twice a month,NA,NA,One of them,All of them,Somewhat agree,Disagree,Disagree,Somewhat disagree,Slightly effective,Not effective at all,Slightly effective,Slightly effective,Moderately effective,No,NA,NA,NA,NA,NA,NA,NA,NA
9/24/2023,Unregulated,R_092409,In Person,I agree,No,NA,31,Full-time,Male,"$25,001 - $50,000",Yes,33705,NA,NA,NA,No,NA,No,NA,No,NA,Yes,Something else,"Not fed, eating bait",Morning (7am - 11am),"Fishing for fun or sport,Fishing for my own food",NA,"No, just me",NA,Section B (markers 108-146),At least once a week,NA,NA,All of them,Three of them,Strongly disagree,Strongly agree,Strongly disagree,Strongly disagree,Not effective at all,Not effective at all,Slightly effective,Not effective at all,Extremely effective,Yes,Strongly disagree,Somewhat agree,Strongly disagree,Strongly disagree,Somewhat agree,Strongly disagree,Somewhat agree,Somewhat agree
9/24/2023,Unregulated,R_092410,In Person,I agree,No,NA,19,Full-time,Male,"$25,001 - $50,000",Yes,34221,NA,NA,NA,No,NA,No,NA,No,NA,No,NA,NA,Morning (7am - 11am),Fishing for fun or sport,NA,"Yes, with my spouse or significant other",NA,Section B (markers 108-146),At least once a week,NA,NA,Two of them,Four of them,Agree,Agree,Somewhat agree,Agree,Slightly effective,Moderately effective,Very effective,Not effective at all,Moderately effective,Yes,Somewhat agree,Disagree,Somewhat disagree,Somewhat disagree,Somewhat disagree,Somewhat agree,Somewhat agree,Somewhat agree
9/27/2023,Unregulated,R_092701,In Person,I agree,No,NA,44,Full-time,Male,"$25,000 or less",No,11226,Vacation or holiday,NA,NY,Yes,20,No,NA,No,NA,No,NA,NA,Morning (7am - 11am),"Fishing for fun or sport,Fishing for my own food",NA,"Yes, with a friend",NA,Section B (markers 108-146),A few times per year,Two of them,All of them,NA,NA,NA,Somewhat agree,Strongly disagree,Somewhat disagree,Moderately effective,Moderately effective,Extremely effective,Not effective at all,Very effective,No,Somewhat agree,Strongly disagree,Somewhat agree,Somewhat agree,Strongly agree,Somewhat agree,Somewhat agree,Somewhat agree
9/27/2023,Unregulated,R_092702,In Person,I agree,No,NA,NA,Retired,Male,"$100,001 or more",Yes,34983,NA,NA,NA,Yes,NA,No,NA,No,NA,No,NA,NA,Morning (7am - 11am),Fishing for fun or sport,NA,"Yes, with my children",NA,Section A (markers 147-172),This is my first time at the pier,Two of them,Two of them,NA,NA,Agree,Agree,Strongly disagree,Strongly disagree,NA,Very effective,Very effective,Not effective at all,Not effective at all,NA,Agree,Agree,Agree,Agree,Agree,Agree,Strongly disagree,Strongly disagree
9/27/2023,Unregulated,R_092703,In Person,I agree,No,NA,34,Full-time,Male,"$50,001 - $75,000",Yes,33647,NA,NA,NA,Yes,30,No,NA,No,NA,No,NA,NA,"Morning (7am - 11am),Late night or early morning (7pm - 7am)","Fishing for fun or sport,Fishing for my own food",NA,"No, just me",NA,Section A (markers 147-172),Once or twice a month,NA,NA,Three of them,Two of them,Somewhat agree,Strongly agree,Strongly disagree,Somewhat disagree,Not effective at all,Not effective at all,Moderately effective,Very effective,Not effective at all,Yes,Disagree,Strongly disagree,Disagree,Agree,Disagree,Somewhat agree,Somewhat agree,Somewhat agree
9/27/2023,Unregulated,R_092704,In Person,I agree,No,NA,34,Full-time,Male,"$75,001 - $100,000",Yes,34983,NA,NA,NA,No,NA,No,NA,No,NA,No,NA,NA,Morning (7am - 11am),Fishing for fun or sport,NA,"Yes, with a parent or sibling",NA,Section A (markers 147-172),This is my first time at the pier,NA,NA,All of them,Two of them,Somewhat agree,Strongly agree,Somewhat disagree,Somewhat agree,Not effective at all,Not effective at all,Extremely effective,Moderately effective,Very effective,NA,Disagree,Somewhat disagree,Somewhat agree,Somewhat agree,Somewhat disagree,Disagree,Somewhat disagree,Somewhat agree
9/30/2023,Unregulated,R_093001,In Person,I agree,No,NA,40,Full-time,Male,"$75,001 - $100,000",Yes,32792,NA,NA,NA,No,NA,No,NA,No,NA,No,NA,NA,Morning (7am - 11am),Fishing for fun or sport,NA,"Yes, with a friend,Yes, with my children",NA,Section B (markers 108-146),Once or twice a month,Two of them,Three of them,NA,NA,Agree,Strongly agree,Somewhat agree,Agree,Slightly effective,Moderately effective,Extremely effective,Very effective,Very effective,No,Somewhat agree,Somewhat disagree,Somewhat agree,Somewhat agree,Strongly agree,Somewhat agree,Somewhat agree,Agree
9/30/2023,Unregulated,R_093002,In Person,I agree,No,NA,30,Full-time,Male,"$75,001 - $100,000",Yes,37122,Business or work-related activities,NA,TN,Yes,20,No,NA,No,NA,No,NA,NA,"Morning (7am - 11am),Late night or early morning (7pm - 7am)","Fishing for fun or sport,Fishing for my own food,Watching friends or family fish",NA,"No, just me",NA,Section B (markers 108-146),Once or twice a month,All of them,Three of them,NA,NA,Somewhat agree,Agree,Agree,Somewhat agree,Moderately effective,Not effective at all,Slightly effective,Not effective at all,Extremely effective,Yes,Somewhat agree,Somewhat agree,Somewhat agree,Somewhat agree,Somewhat disagree,Somewhat disagree,Somewhat agree,Somewhat disagree
9/30/2023,Unregulated,R_093003,In Person,I agree,No,NA,37,Full-time,Male,"$25,000 or less",Yes,33540,NA,NA,Zhells,Yes,20,No,2,No,NA,No,NA,NA,"Morning (7am - 11am),Late night or early morning (7pm - 7am)",Watching friends or family fish,Good spot,"Yes, with my children",Family,Section B (markers 108-146),A few times per year,None of them,One of them,NA,NA,Agree,Strongly agree,Strongly disagree,Agree,Slightly effective,Not effective at all,Extremely effective,Not effective at all,Extremely effective,Yes,Strongly agree,Strongly agree,Strongly agree,Strongly agree,Strongly agree,Strongly agree,Somewhat agree,Strongly disagree
9/30/2023,Unregulated,R_093004,In Person,I agree,No,NA,24,Full-time,Male,"$25,000 or less",Yes,33760,NA,NA,NA,No,8,No,NA,No,NA,No,NA,NA,"Morning (7am - 11am),Late night or early morning (7pm - 7am)",Fishing for my own food,NA,"Yes, with a parent or sibling",NA,Section C (markers 73-107),At least once a week,All of them,All of them,NA,NA,Somewhat disagree,Strongly agree,Strongly disagree,Agree,Slightly effective,Not effective at all,Extremely effective,Extremely effective,Moderately effective,Yes,Strongly agree,Somewhat disagree,Strongly disagree,Somewhat agree,Somewhat agree,Disagree,Strongly agree,Somewhat agree
9/30/2023,Unregulated,R_093005,In Person,I agree,No,NA,27,Full-time,Male,"$50,001 - $75,000",Yes,33527,NA,NA,NA,Yes,10,No,NA,No,NA,No,NA,NA,Morning (7am - 11am),"Fishing for fun or sport,Fishing for my own food,Fishing for food to sell,Watching friends or family fish",NA,"No, just me",NA,Section C (markers 73-107),Once or twice a month,Three of them,All of them,NA,NA,Disagree,Strongly agree,Strongly disagree,Agree,Slightly effective,Not effective at all,Slightly effective,Extremely effective,Not effective at all,Yes,Somewhat agree,Disagree,Strongly disagree,Strongly agree,NA,Somewhat agree,Strongly agree,Strongly disagree
9/30/2023,Unregulated,R_093006,In Person,I agree,No,NA,42,Full-time,Male,"$75,001 - $100,000",Yes,33764,NA,NA,NA,Yes,8,No,NA,No,NA,Yes,Dead fish or used bait,NA,"Morning (7am - 11am),Late night or early morning (7pm - 7am)",Fishing for fun or sport,NA,"Yes, with my spouse or significant other",NA,Section B (markers 108-146),Once or twice a month,NA,NA,All of them,Two of them,Agree,Agree,Strongly disagree,Somewhat agree,Not effective at all,Moderately effective,Slightly effective,Not effective at all,Very effective,No,Somewhat disagree,Disagree,Somewhat disagree,Somewhat disagree,Somewhat disagree,Somewhat disagree,Somewhat disagree,Somewhat disagree
9/30/2023,Unregulated,R_093007,In Person,I agree,No,NA,45,Full-time,Male,"$75,001 - $100,000",Yes,33542,NA,NA,NA,No,NA,No,NA,No,NA,No,NA,NA,Morning (7am - 11am),"Fishing for fun or sport,Fishing for my own food",NA,"No, just me",NA,Section B (markers 108-146),Once or twice a month,NA,NA,All of them,Four of them,Agree,Disagree,Disagree,Somewhat agree,Not effective at all,Not effective at all,NA,Not effective at all,NA,No,Disagree,Somewhat disagree,Somewhat disagree,Somewhat agree,Agree,Somewhat disagree,Somewhat disagree,Disagree
9/30/2023,Unregulated,R_093008,In Person,I agree,No,NA,62,Full-time,Male,"$50,001 - $75,000",Yes,33637,NA,NA,Malaysia,No,NA,No,NA,No,NA,No,NA,NA,Morning (7am - 11am),Watching friends or family fish,NA,"Yes, with a parent or sibling",NA,Section B (markers 108-146),A few times per year,NA,NA,Three of them,Four of them,Somewhat agree,Strongly agree,Strongly disagree,Somewhat agree,Moderately effective,Moderately effective,Moderately effective,Moderately effective,Moderately effective,No,Somewhat agree,Somewhat agree,Somewhat agree,Somewhat agree,Somewhat agree,Somewhat agree,Somewhat agree,Somewhat agree
9/30/2023,Unregulated,R_093009,In Person,I agree,No,NA,35,Full-time,Male,"$50,001 - $75,000",Yes,33952,NA,NA,NA,Yes,10,No,NA,No,NA,No,NA,NA,"Morning (7am - 11am),Late night or early morning (7pm - 7am)","Fishing for fun or sport,Fishing for my own food",NA,"No, just me",NA,Section C (markers 73-107),Once or twice a month,NA,NA,All of them,Four of them,Somewhat disagree,Somewhat agree,Strongly disagree,Somewhat agree,Not effective at all,Not effective at all,Very effective,Extremely effective,Moderately effective,Yes,Somewhat disagree,Disagree,Strongly disagree,Somewhat agree,Strongly disagree,Somewhat agree,Somewhat agree,Somewhat disagree
10/6/2023,Unregulated,R_100601,In Person,I agree,No,NA,30,Part-time,Male,"$25,001 - $50,000",Yes,33647,NA,NA,NA,No,NA,No,NA,No,NA,No,NA,NA,"Morning (7am - 11am),Mid-day (11am - 3pm)",Fishing for fun or sport,NA,"No, just me",NA,Section B (markers 108-146),At least once a week,One of them,Two of them,NA,NA,Somewhat agree,Strongly agree,Strongly disagree,Agree,Slightly effective,Not effective at all,Moderately effective,Extremely effective,Very effective,Yes,Disagree,Strongly disagree,Strongly disagree,Disagree,Somewhat agree,Agree,Strongly disagree,Disagree
10/6/2023,Unregulated,R_100602,In Person,I agree,No,NA,66,Retired,Male,"$50,001 - $75,000",Yes,33647,NA,NA,WI,No,NA,No,NA,No,NA,No,NA,NA,"Morning (7am - 11am),Mid-day (11am - 3pm)",Fishing for fun or sport,NA,"No, just me",NA,Section B (markers 108-146),A few times per year,All of them,Two of them,NA,NA,Strongly agree,Strongly agree,Strongly disagree,Disagree,Extremely effective,Extremely effective,Extremely effective,Extremely effective,Not effective at all,Yes,Strongly agree,Strongly disagree,Strongly agree,Somewhat disagree,Strongly agree,Strongly agree,Somewhat agree,Somewhat disagree
10/6/2023,Unregulated,R_100603,In Person,I agree,No,NA,26,Full-time,Male,"$50,001 - $75,000",No,92660,Something else,Moving here,CA,Yes,20,No,NA,No,NA,No,NA,NA,Mid-day (11am - 3pm),"Fishing for fun or sport,Fishing for my own food",NA,"No, just me",NA,Section A (markers 147-172),This is my first time at the pier,All of them,Three of them,NA,NA,Somewhat agree,Agree,Strongly disagree,Somewhat disagree,Not effective at all,Moderately effective,Very effective,Slightly effective,Extremely effective,Yes,Disagree,Disagree,Disagree,Disagree,Agree,Agree,Somewhat agree,Agree
10/6/2023,Unregulated,R_100604,In Person,I agree,No,NA,19,Student,Male,"$25,000 or less",Yes,33543,NA,NA,NA,No,NA,No,NA,No,NA,No,NA,NA,"Morning (7am - 11am),Mid-day (11am - 3pm)","Fishing for fun or sport,Fishing for my own food",NA,"Yes, with a parent or sibling",NA,Section A (markers 147-172),Once or twice a month,Three of them,All of them,NA,NA,Disagree,Agree,Strongly disagree,Somewhat agree,Not effective at all,Moderately effective,Extremely effective,Very effective,Slightly effective,Yes,Strongly disagree,Agree,Strongly disagree,Strongly agree,Strongly agree,Disagree,Somewhat disagree,Agree
10/6/2023,Unregulated,R_100605,In Person,I agree,No,NA,42,Full-time,Male,"$25,001 - $50,000",Yes,33525,NA,NA,NA,Yes,10,No,NA,No,NA,No,NA,NA,Mid-day (11am - 3pm),"Fishing for fun or sport,Something else",NA,"Yes, with my spouse or significant other,Yes, with my children",NA,Section A (markers 147-172),At least once a week,NA,NA,None of them,NA,Strongly agree,Strongly agree,Strongly agree,Strongly agree,Extremely effective,Extremely effective,Extremely effective,Extremely effective,Extremely effective,NA,Strongly agree,Strongly agree,Strongly agree,Strongly agree,Strongly agree,Strongly agree,Strongly agree,Strongly agree
10/6/2023,Unregulated,R_100606,In Person,I agree,No,NA,24,Full-time,Male,"$50,001 - $75,000",No,42223,Vacation or holiday,NA,KY,No,NA,No,NA,No,NA,No,NA,NA,"Morning (7am - 11am),Mid-day (11am - 3pm)",Fishing for fun or sport,NA,"Yes, with a parent or sibling",NA,Section B (markers 108-146),A few times per year,NA,NA,One of them,One of them,Disagree,Disagree,Disagree,Disagree,Slightly effective,Very effective,Slightly effective,Slightly effective,Moderately effective,Yes,Agree,Agree,Agree,Agree,Somewhat agree,Somewhat agree,Somewhat agree,Somewhat agree
10/6/2023,Unregulated,R_100607,In Person,I agree,No,NA,59,Full-time,Male,"$25,001 - $50,000",Yes,34211,NA,NA,NA,Yes,20,No,NA,No,NA,No,NA,NA,"Morning (7am - 11am),Mid-day (11am - 3pm)","Fishing for fun or sport,Watching friends or family fish",NA,"Yes, with a friend",NA,Section B (markers 108-146),A few times per year,NA,NA,Two of them,Two of them,Strongly agree,Somewhat agree,Strongly disagree,Agree,Not effective at all,Very effective,Very effective,Moderately effective,Extremely effective,No,Disagree,Strongly disagree,Somewhat disagree,Somewhat agree,Somewhat disagree,Strongly agree,Disagree,Strongly agree
10/6/2023,Unregulated,R_100608,In Person,I agree,No,NA,39,Full-time,Male,"$50,001 - $75,000",Yes,46226,NA,NA,IN,Yes,5,No,NA,No,NA,No,NA,NA,"Morning (7am - 11am),Mid-day (11am - 3pm)","Fishing for fun or sport,Fishing for my own food",NA,"Yes, with my spouse or significant other",NA,Section B (markers 108-146),Once or twice a month,NA,NA,All of them,Three of them,Agree,Agree,Somewhat agree,Somewhat agree,Moderately effective,Not effective at all,Moderately effective,Slightly effective,Extremely effective,Yes,Somewhat disagree,Somewhat agree,Disagree,Somewhat disagree,Somewhat agree,Somewhat disagree,Somewhat disagree,Disagree
10/8/2023,Unregulated,R_100801,In Person,I agree,No,NA,27,Full-time,Male,"$25,001 - $50,000",Yes,NA,NA,NA,NA,Yes,15,No,NA,No,NA,No,NA,NA,Mid-day (11am - 3pm),Fishing for fun or sport,NA,"Yes, with my spouse or significant other",NA,Section B (markers 108-146),At least once a week,Two of them,Two of them,NA,NA,Disagree,Agree,Somewhat agree,Somewhat disagree,Not effective at all,Not effective at all,Very effective,Very effective,Extremely effective,No,NA,NA,NA,NA,NA,NA,NA,NA
10/8/2023,Unregulated,R_100802,In Person,I agree,No,NA,28,Full-time,Male,"$75,001 - $100,000",Yes,32810,NA,NA,NA,Yes,30,No,NA,No,NA,No,NA,NA,"Morning (7am - 11am),Mid-day (11am - 3pm),Late night or early morning (7pm - 7am)","Fishing for fun or sport,Fishing for my own food",NA,"Yes, with my spouse or significant other",NA,Section B (markers 108-146),NA,One of them,Two of them,NA,NA,Disagree,Somewhat agree,Strongly disagree,Somewhat agree,Slightly effective,Not effective at all,Very effective,Not effective at all,Moderately effective,Yes,Agree,Strongly disagree,Somewhat agree,Disagree,Somewhat agree,Somewhat disagree,Disagree,Agree
10/8/2023,Unregulated,R_100803,In Person,I agree,No,NA,76,Retired,Male,"$50,001 - $75,000",Yes,33859,NA,NA,NA,No,NA,No,NA,No,NA,No,NA,NA,Mid-day (11am - 3pm),Fishing for fun or sport,NA,"Yes, with a friend",NA,Section B (markers 108-146),Once or twice a month,Three of them,Two of them,NA,NA,Strongly agree,Strongly agree,Disagree,Strongly agree,Very effective,Extremely effective,Extremely effective,Not effective at all,Very effective,Yes,Strongly agree,Disagree,Strongly agree,Somewhat agree,Agree,Agree,Disagree,Agree
10/8/2023,Unregulated,R_100804,In Person,I agree,No,NA,71,Retired,Male,"$50,001 - $75,000",Yes,33573,NA,NA,NA,No,NA,No,NA,No,NA,No,NA,NA,Mid-day (11am - 3pm),Something else,Relax,"No, just me",NA,Section C (markers 73-107),At least once a week,Two of them,Two of them,NA,NA,Disagree,Agree,Strongly disagree,Strongly agree,Not effective at all,Not effective at all,Very effective,Not effective at all,Slightly effective,NA,Disagree,Strongly disagree,Disagree,Somewhat agree,Strongly agree,Somewhat disagree,Somewhat agree,Somewhat agree
10/8/2023,Unregulated,R_100805,In Person,I agree,No,NA,24,Full-time,Male,"$25,001 - $50,000",Yes,33604,NA,NA,NA,Yes,3,No,NA,No,NA,No,NA,NA,"Morning (7am - 11am),Mid-day (11am - 3pm)",Fishing for fun or sport,NA,"Yes, with a friend",NA,Section C (markers 73-107),A few times per year,Three of them,Two of them,NA,NA,Strongly disagree,Strongly agree,Strongly disagree,Strongly disagree,Not effective at all,Not effective at all,Very effective,Not effective at all,Extremely effective,Yes,Strongly disagree,Strongly agree,Strongly disagree,Strongly agree,Strongly disagree,Strongly disagree,Disagree,Strongly disagree
10/8/2023,Unregulated,R_100806,In Person,I agree,No,NA,30,Full-time,Female,"$25,001 - $50,000",Yes,33810,NA,NA,NA,No,NA,No,NA,No,NA,No,NA,NA,Mid-day (11am - 3pm),"Fishing for fun or sport,Fishing for my own food,Watching friends or family fish",NA,"Yes, with my spouse or significant other",NA,Section C (markers 73-107),A few times per year,All of them,One of them,NA,NA,Strongly agree,Agree,Strongly disagree,Agree,Slightly effective,Slightly effective,Very effective,NA,Extremely effective,Yes,Agree,Strongly disagree,Somewhat disagree,Agree,Disagree,Somewhat agree,Somewhat disagree,Somewhat agree
10/8/2023,Unregulated,R_100807,In Person,I agree,No,NA,41,Full-time,Male,"$50,001 - $75,000",Yes,33607,NA,NA,NA,No,NA,No,NA,No,NA,No,NA,NA,"Morning (7am - 11am),Mid-day (11am - 3pm)",Fishing for fun or sport,NA,"Yes, with my children",NA,Section C (markers 73-107),A few times per year,One of them,One of them,NA,NA,Disagree,Agree,Strongly disagree,Somewhat agree,Moderately effective,Moderately effective,Moderately effective,Slightly effective,Extremely effective,Yes,Somewhat agree,Disagree,Disagree,Somewhat disagree,Somewhat agree,Somewhat agree,Somewhat disagree,Agree
10/8/2023,Unregulated,R_100808,In Person,I agree,No,NA,29,Full-time,Male,"$50,001 - $75,000",Yes,33810,NA,NA,NA,No,NA,No,NA,No,NA,No,NA,NA,"Morning (7am - 11am),Mid-day (11am - 3pm)",Fishing for fun or sport,NA,"Yes, with my spouse or significant other",NA,Section C (markers 73-107),A few times per year,NA,NA,Four of them,One of them,Strongly agree,Strongly agree,Strongly disagree,Disagree,Not effective at all,Not effective at all,Extremely effective,Not effective at all,Extremely effective,Yes,Somewhat disagree,Strongly disagree,Strongly agree,Disagree,Strongly agree,Disagree,Somewhat agree,Disagree
10/8/2023,Unregulated,R_100809,In Person,I agree,No,NA,42,Full-time,Male,"$100,001 or more",Yes,34207,NA,NA,NA,Yes,20,No,NA,No,NA,Yes,"Dead fish or used bait,Human food (bread, chips, popcorn, etc.)",NA,"Morning (7am - 11am),Mid-day (11am - 3pm)","Fishing for fun or sport,Fishing for my own food",NA,"Yes, with my spouse or significant other",NA,Section C (markers 73-107),At least once a week,NA,NA,Three of them,Two of them,Disagree,Strongly agree,Strongly disagree,Somewhat disagree,Not effective at all,Not effective at all,Extremely effective,Not effective at all,Not effective at all,Yes,Disagree,Disagree,Strongly disagree,Strongly agree,Agree,Strongly disagree,Somewhat disagree,Disagree
10/8/2023,Unregulated,R_100810,In Person,I agree,No,NA,35,Full-time,Female,"$75,001 - $100,000",Yes,33764,NA,NA,NA,No,NA,No,NA,No,NA,No,NA,NA,"Morning (7am - 11am),Mid-day (11am - 3pm)",Fishing for fun or sport,NA,"Yes, with my spouse or significant other",NA,Section C (markers 73-107),Once or twice a month,NA,NA,One of them,One of them,Strongly agree,Disagree,Agree,Agree,Very effective,Not effective at all,Very effective,Not effective at all,Very effective,Yes,Disagree,Disagree,Disagree,Disagree,Agree,Agree,Somewhat disagree,Disagree
10/8/2023,Unregulated,R_100811,In Person,I agree,No,NA,49,Full-time,Female,"$50,001 - $75,000",Yes,33610,NA,NA,NA,No,NA,No,NA,No,NA,No,NA,NA,"Morning (7am - 11am),Mid-day (11am - 3pm)",Fishing for fun or sport,NA,"Yes, with a friend,Yes, with my children",NA,Section C (markers 73-107),At least once a week,NA,NA,Two of them,Two of them,Agree,Somewhat agree,Disagree,Agree,Slightly effective,Slightly effective,Very effective,Very effective,Extremely effective,Yes,Agree,Strongly disagree,Disagree,Disagree,Agree,Agree,Disagree,Agree
10/8/2023,Unregulated,R_100812,In Person,I agree,No,NA,59,Full-time,Male,"$50,001 - $75,000",Yes,33578,NA,NA,NA,No,NA,No,NA,No,NA,No,NA,NA,"Mid-day (11am - 3pm),Late night or early morning (7pm - 7am)",Fishing for fun or sport,NA,"Yes, with my children",NA,Section B (markers 108-146),Once or twice a month,NA,NA,Two of them,Three of them,Strongly agree,Strongly agree,Strongly disagree,Strongly agree,Extremely effective,Slightly effective,Moderately effective,Not effective at all,Extremely effective,Yes,Strongly agree,Disagree,Agree,Agree,Strongly agree,Strongly agree,Somewhat agree,Somewhat agree
10/8/2023,Unregulated,R_100813,In Person,I agree,No,NA,53,Full-time,Female,"$100,001 or more",Yes,33598,NA,NA,NA,No,NA,No,NA,No,NA,No,NA,NA,"Morning (7am - 11am),Mid-day (11am - 3pm)",Fishing for fun or sport,NA,"Yes, with my spouse or significant other,Yes, with my children",NA,Section B (markers 108-146),A few times per year,NA,NA,All of them,One of them,Strongly agree,Agree,Somewhat disagree,Agree,Slightly effective,Slightly effective,Very effective,Slightly effective,Slightly effective,No,NA,NA,NA,NA,NA,NA,NA,NA
10/11/2023,Unregulated,R_101101,In Person,I agree,No,NA,35,Unemployed,Male,"$25,000 or less",Yes,33714,NA,NA,NA,No,NA,No,NA,No,NA,No,NA,NA,"Morning (7am - 11am),Mid-day (11am - 3pm)","Fishing for fun or sport,Fishing for my own food,Watching friends or family fish",NA,"No, just me",NA,Section C (markers 73-107),At least once a week,All of them,Two of them,NA,NA,Agree,Agree,Disagree,Agree,Moderately effective,Not effective at all,Very effective,Not effective at all,Very effective,Yes,Agree,Strongly disagree,Strongly disagree,Strongly disagree,Agree,Disagree,Somewhat disagree,Agree
10/11/2023,Unregulated,R_101102,In Person,I agree,No,NA,39,Full-time,Female,"$50,001 - $75,000",Yes,34221,NA,NA,NA,No,NA,No,NA,No,NA,No,NA,NA,"Morning (7am - 11am),Mid-day (11am - 3pm),Late night or early morning (7pm - 7am)","Fishing for fun or sport,Fishing for my own food,Watching friends or family fish",NA,"Yes, with my spouse or significant other",NA,Section B (markers 108-146),At least once a week,All of them,All of them,NA,NA,Agree,Strongly agree,Strongly disagree,Agree,Not effective at all,Not effective at all,Very effective,Not effective at all,Moderately effective,Yes,Strongly disagree,Strongly disagree,Strongly disagree,Somewhat agree,Strongly agree,Strongly disagree,Somewhat disagree,Somewhat agree
10/11/2023,Unregulated,R_101103,In Person,I agree,No,NA,35,Full-time,Male,"$25,001 - $50,000",Yes,34251,NA,NA,NA,Yes,20,No,NA,No,NA,No,NA,NA,"Morning (7am - 11am),Mid-day (11am - 3pm)",Fishing for fun or sport,NA,"No, just me",NA,Section A (markers 147-172),At least once a week,All of them,All of them,NA,NA,Disagree,Strongly agree,Strongly disagree,Somewhat agree,Not effective at all,Not effective at all,Extremely effective,Extremely effective,Extremely effective,Yes,Strongly disagree,Strongly agree,Strongly agree,Strongly agree,Somewhat disagree,Strongly disagree,Somewhat agree,Somewhat agree
10/11/2023,Unregulated,R_101104,In Person,I agree,No,NA,65,Retired,Male,"$50,001 - $75,000",Yes,33810,NA,NA,NA,Yes,3,No,NA,No,NA,No,NA,NA,"Morning (7am - 11am),Mid-day (11am - 3pm)",Fishing for fun or sport,NA,"No, just me",NA,Section C (markers 73-107),A few times per year,NA,NA,Three of them,Three of them,Agree,Strongly agree,Strongly disagree,Disagree,Slightly effective,Moderately effective,Very effective,Not effective at all,Extremely effective,Yes,Strongly agree,Disagree,Disagree,Strongly agree,Strongly agree,Strongly agree,Strongly agree,Strongly agree
10/11/2023,Unregulated,R_101105,In Person,I agree,No,NA,67,Full-time,Male,"$25,001 - $50,000",Yes,34222,NA,NA,IN,Yes,10,No,NA,No,NA,No,NA,NA,Mid-day (11am - 3pm),Fishing for fun or sport,NA,"No, just me",NA,Section C (markers 73-107),A few times per year,NA,NA,All of them,Three of them,Agree,Agree,Disagree,Agree,Slightly effective,Not effective at all,Slightly effective,Not effective at all,Very effective,Yes,Agree,Disagree,Somewhat agree,Somewhat disagree,Disagree,Somewhat agree,Somewhat disagree,Agree
10/11/2023,Unregulated,R_101106,In Person,I agree,No,NA,45,Unemployed,Female,NA,Yes,33578,NA,NA,NA,No,NA,No,NA,No,NA,No,NA,NA,Mid-day (11am - 3pm),"Fishing for fun or sport,Something else",Therapy,"No, just me",NA,Section A (markers 147-172),At least once a week,NA,NA,Two of them,One of them,Somewhat disagree,Somewhat agree,Agree,Somewhat disagree,Slightly effective,Not effective at all,Very effective,Moderately effective,Slightly effective,Yes,Somewhat disagree,Disagree,Somewhat disagree,Disagree,Agree,Disagree,Agree,Strongly disagree
10/11/2023,Unregulated,R_101107,In Person,I agree,No,NA,NA,Full-time,Male,"$25,000 or less",Yes,33614,NA,NA,Cuba,Yes,NA,No,NA,Yes,NA,No,NA,NA,"Morning (7am - 11am),Mid-day (11am - 3pm)",Fishing for my own food,NA,"No, just me",NA,Section A (markers 147-172),Once or twice a month,NA,NA,One of them,Three of them,Strongly disagree,NA,Strongly disagree,Strongly disagree,Slightly effective,NA,Not effective at all,Slightly effective,Not effective at all,Yes,Strongly disagree,Strongly disagree,Strongly disagree,Strongly disagree,Strongly disagree,Strongly disagree,Strongly disagree,Strongly disagree
10/14/2023,Unregulated,R_101401,In Person,I agree,No,NA,45,Full-time,Male,NA,Yes,33710,NA,NA,NA,No,NA,No,NA,No,NA,No,NA,NA,"Morning (7am - 11am),Mid-day (11am - 3pm),Late night or early morning (7pm - 7am)","Fishing for fun or sport,Fishing for my own food,Watching friends or family fish",NA,"No, just me",NA,Section B (markers 108-146),Once or twice a month,All of them,All of them,NA,NA,Strongly disagree,Strongly agree,Strongly disagree,Strongly agree,Not effective at all,Not effective at all,Extremely effective,Not effective at all,Moderately effective,Yes,Strongly disagree,Somewhat disagree,Strongly disagree,Strongly disagree,Strongly agree,Strongly disagree,Strongly disagree,Strongly agree
10/14/2023,Unregulated,R_101402,In Person,I agree,No,NA,55,Full-time,Male,"$75,001 - $100,000",Yes,34211,NA,NA,NA,Yes,15,No,NA,No,NA,No,NA,NA,Mid-day (11am - 3pm),"Fishing for fun or sport,Fishing for my own food",NA,"Yes, with my spouse or significant other",NA,Section B (markers 108-146),At least once a week,Two of them,Two of them,NA,NA,Somewhat disagree,Somewhat disagree,Strongly disagree,Disagree,Not effective at all,Not effective at all,Not effective at all,Not effective at all,Very effective,Yes,Strongly disagree,Somewhat agree,Strongly disagree,Strongly disagree,Strongly disagree,Strongly disagree,Disagree,Disagree
10/14/2023,Unregulated,R_101403,In Person,I agree,No,NA,35,Full-time,Male,"$75,001 - $100,000",Yes,33831,NA,NA,NA,Yes,100,No,NA,No,NA,No,NA,NA,Mid-day (11am - 3pm),Fishing for fun or sport,NA,"Yes, with my spouse or significant other,Yes, with my children",NA,Section B (markers 108-146),Once or twice a month,Two of them,Two of them,NA,NA,Somewhat disagree,Agree,Disagree,Somewhat disagree,Slightly effective,Not effective at all,Slightly effective,Not effective at all,Extremely effective,No,Agree,Disagree,Disagree,Somewhat agree,Somewhat agree,Somewhat agree,Somewhat disagree,Agree
10/14/2023,Unregulated,R_101404,In Person,I agree,No,NA,33,Full-time,Female,"$25,001 - $50,000",Yes,32059,NA,NA,NA,Yes,20,No,NA,No,NA,No,NA,NA,Mid-day (11am - 3pm),Fishing for fun or sport,NA,"Yes, with my spouse or significant other",NA,Section B (markers 108-146),This is my first time at the pier,All of them,All of them,NA,NA,Strongly agree,Agree,Strongly disagree,Agree,Moderately effective,Not effective at all,Extremely effective,Not effective at all,Extremely effective,No,Strongly agree,Strongly disagree,Somewhat disagree,Somewhat agree,Strongly agree,Disagree,Agree,Disagree
10/14/2023,Unregulated,R_101405,In Person,I agree,No,NA,57,Full-time,Male,"$100,001 or more",Yes,33761,NA,NA,NA,Yes,20,No,NA,No,NA,No,NA,NA,Mid-day (11am - 3pm),Fishing for fun or sport,NA,"Yes, with my children,Yes, with someone else",Grandson,Section B (markers 108-146),Once or twice a month,All of them,All of them,NA,NA,Strongly disagree,Strongly agree,Strongly disagree,Somewhat agree,Not effective at all,Not effective at all,Not effective at all,Not effective at all,Moderately effective,Yes,Strongly disagree,Somewhat disagree,Strongly disagree,Somewhat disagree,Somewhat disagree,Somewhat disagree,Somewhat disagree,Somewhat disagree
10/14/2023,Unregulated,R_101406,In Person,I agree,No,NA,32,Part-time,Female,"$25,001 - $50,000",Yes,34208,NA,NA,NJ,Yes,3,No,NA,No,NA,No,NA,NA,Mid-day (11am - 3pm),Fishing for my own food,NA,"Yes, with my spouse or significant other",NA,Section B (markers 108-146),At least once a week,NA,NA,Two of them,Two of them,Disagree,Agree,Somewhat disagree,Somewhat disagree,Not effective at all,Not effective at all,Extremely effective,Not effective at all,Moderately effective,Yes,Disagree,Disagree,Disagree,Disagree,Somewhat disagree,Somewhat disagree,Somewhat disagree,Agree
10/14/2023,Unregulated,R_101407,In Person,I agree,No,NA,39,Full-time,Male,"$50,001 - $75,000",Yes,34211,NA,NA,NA,Yes,6,No,NA,No,NA,No,NA,NA,"Morning (7am - 11am),Mid-day (11am - 3pm),Late night or early morning (7pm - 7am)","Fishing for fun or sport,Fishing for my own food",NA,"Yes, with my spouse or significant other",NA,Section B (markers 108-146),At least once a week,NA,NA,All of them,Three of them,Strongly agree,Agree,Disagree,Agree,Moderately effective,Moderately effective,Extremely effective,Extremely effective,Moderately effective,Yes,Somewhat disagree,Disagree,Somewhat disagree,Somewhat disagree,Somewhat disagree,Somewhat disagree,Somewhat agree,Somewhat disagree
10/14/2023,Unregulated,R_101408,In Person,I agree,No,NA,68,Full-time,NA,"$50,001 - $75,000",Yes,34698,NA,NA,NA,Yes,5,No,NA,No,NA,No,NA,NA,"Morning (7am - 11am),Mid-day (11am - 3pm)",Fishing for my own food,NA,"No, just me",NA,Section B (markers 108-146),At least once a week,NA,NA,Three of them,Two of them,Disagree,Strongly agree,Strongly disagree,Agree,Not effective at all,Not effective at all,Very effective,Not effective at all,Very effective,Yes,Strongly disagree,Agree,Strongly disagree,Agree,Disagree,Disagree,Disagree,Somewhat disagree
10/14/2023,Unregulated,R_101409,In Person,I agree,No,NA,39,Full-time,Male,"$100,001 or more",Yes,34211,NA,NA,NA,Yes,20,No,NA,No,NA,No,NA,NA,"Morning (7am - 11am),Mid-day (11am - 3pm)",Fishing for my own food,NA,"Yes, with my spouse or significant other",NA,Section B (markers 108-146),At least once a week,NA,NA,Three of them,Three of them,Agree,Strongly agree,Disagree,Disagree,Slightly effective,Not effective at all,Not effective at all,Very effective,Moderately effective,Yes,Disagree,Strongly disagree,Strongly disagree,Somewhat agree,Strongly agree,Disagree,Strongly disagree,Somewhat agree
10/14/2023,Unregulated,R_101410,In Person,I agree,No,NA,32,Full-time,Male,"$50,001 - $75,000",Yes,33635,NA,NA,Cuba,Yes,NA,Yes,NA,No,NA,Yes,Dead fish or used bait,NA,Mid-day (11am - 3pm),Fishing for fun or sport,NA,"Yes, with my spouse or significant other",NA,Section B (markers 108-146),Once or twice a month,NA,NA,Two of them,Two of them,Strongly disagree,Strongly disagree,Strongly disagree,Strongly disagree,Not effective at all,Not effective at all,Slightly effective,Slightly effective,Not effective at all,Yes,NA,Somewhat agree,Somewhat disagree,Agree,Strongly agree,Strongly agree,Strongly agree,Strongly agree
10/14/2023,Unregulated,R_101411,In Person,I agree,No,NA,32,Full-time,Male,"$25,001 - $50,000",Yes,33716,NA,NA,NA,Yes,30,No,NA,No,NA,No,NA,NA,"Morning (7am - 11am),Mid-day (11am - 3pm)",Fishing for fun or sport,NA,"Yes, with a friend",NA,Section A (markers 147-172),A few times per year,NA,NA,Four of them,Four of them,Strongly agree,Strongly agree,Strongly disagree,Somewhat disagree,Not effective at all,Not effective at all,Not effective at all,Not effective at all,Extremely effective,No,Agree,Disagree,Disagree,Somewhat agree,Disagree,Agree,Somewhat agree,Somewhat disagree
10/20/2023,Unregulated,R_102001,In Person,I agree,No,NA,60,Unemployed,Male,"$25,001 - $50,000",Yes,33716,NA,NA,NA,Yes,5,No,NA,No,NA,No,NA,NA,Morning (7am - 11am),Fishing for fun or sport,NA,"Yes, with a friend",NA,Section A (markers 147-172),Once or twice a month,One of them,Three of them,NA,NA,Strongly agree,Strongly agree,Strongly disagree,Somewhat agree,Slightly effective,Slightly effective,Extremely effective,Not effective at all,Extremely effective,Yes,Somewhat agree,Strongly disagree,Disagree,Somewhat disagree,Strongly agree,Strongly agree,Somewhat disagree,Somewhat disagree
10/20/2023,Unregulated,R_102002,In Person,I agree,No,NA,23,Full-time,Male,"$50,001 - $75,000",No,NA,NA,NA,NA,Yes,4,No,NA,No,NA,No,NA,NA,Morning (7am - 11am),"Fishing for fun or sport,Fishing for my own food",NA,"Yes, with a friend",NA,Section A (markers 147-172),Once or twice a month,All of them,All of them,NA,NA,Somewhat agree,Agree,Somewhat agree,Somewhat disagree,Not effective at all,Slightly effective,Slightly effective,Very effective,Very effective,Yes,Disagree,Disagree,Disagree,Somewhat disagree,Somewhat disagree,Somewhat disagree,Disagree,Somewhat disagree
10/20/2023,Unregulated,R_102003,In Person,I agree,No,NA,62,Unemployed,Male,"$100,001 or more",Yes,33596,NA,NA,NA,Yes,20,No,NA,No,NA,No,NA,NA,Morning (7am - 11am),Fishing for fun or sport,NA,"No, just me",NA,Section B (markers 108-146),At least once a week,One of them,Two of them,NA,NA,Strongly agree,Strongly agree,Strongly disagree,Agree,Very effective,Moderately effective,Very effective,Not effective at all,Extremely effective,Yes,Somewhat agree,Strongly disagree,Strongly disagree,Strongly disagree,Strongly disagree,Strongly agree,Strongly disagree,Strongly agree
10/20/2023,Unregulated,R_102004,In Person,I agree,No,NA,33,Full-time,Male,"$25,000 or less",Yes,33604,NA,NA,Cuba,Yes,NA,Yes,1,No,NA,No,NA,NA,Morning (7am - 11am),Fishing for fun or sport,NA,"Yes, with a friend",NA,Section A (markers 147-172),Once or twice a month,Two of them,Two of them,NA,NA,Agree,Somewhat agree,Disagree,Somewhat agree,Moderately effective,Moderately effective,Moderately effective,Very effective,Very effective,Yes,Agree,Disagree,Disagree,Disagree,Agree,Agree,Somewhat agree,Agree
10/20/2023,Unregulated,R_102005,In Person,I agree,No,NA,23,Full-time,Male,"$50,001 - $75,000",Yes,34208,Business or work-related activities,NA,KS,No,NA,No,NA,No,NA,No,NA,NA,Morning (7am - 11am),Fishing for fun or sport,NA,"Yes, with a friend",NA,Section A (markers 147-172),Once or twice a month,NA,NA,Two of them,Two of them,Somewhat disagree,Strongly agree,Strongly disagree,Somewhat agree,Not effective at all,Slightly effective,Extremely effective,Extremely effective,Very effective,Yes,Somewhat agree,Strongly disagree,Strongly disagree,Disagree,Agree,Somewhat agree,Disagree,Strongly agree
10/20/2023,Unregulated,R_102006,In Person,I agree,No,NA,NA,Retired,Male,"$25,001 - $50,000",Yes,32810,NA,NA,NA,No,NA,No,NA,No,NA,No,NA,NA,"Morning (7am - 11am),Late night or early morning (7pm - 7am)",Fishing for fun or sport,NA,"Yes, with my spouse or significant other",NA,Section A (markers 147-172),A few times per year,NA,NA,Four of them,All of them,Agree,Agree,Strongly disagree,Somewhat agree,Moderately effective,Moderately effective,Very effective,Not effective at all,Very effective,No,Disagree,Agree,Somewhat agree,Disagree,Agree,Agree,Somewhat agree,Agree
10/22/2023,Unregulated,R_102201,In Person,I agree,No,NA,57,Full-time,Male,"$50,001 - $75,000",No,23236,Vacation or holiday,NA,VA,Yes,6,No,NA,No,NA,No,NA,NA,Morning (7am - 11am),Fishing for fun or sport,NA,"Yes, with a friend",NA,Section B (markers 108-146),This is my first time at the pier,Two of them,Two of them,NA,NA,Agree,Strongly agree,Disagree,Somewhat agree,Very effective,Moderately effective,Extremely effective,Moderately effective,Very effective,Yes,Disagree,Strongly disagree,Somewhat disagree,Disagree,Agree,Strongly agree,Somewhat disagree,Agree
10/22/2023,Unregulated,R_102202,In Person,I agree,No,NA,45,Full-time,Male,"$25,001 - $50,000",Yes,34785,NA,NA,Sumpter,Yes,1,No,NA,No,NA,No,NA,NA,Morning (7am - 11am),Fishing for fun or sport,NA,"Yes, with a friend",NA,Section B (markers 108-146),Once or twice a month,One of them,Two of them,NA,NA,Somewhat disagree,Agree,Disagree,Somewhat agree,Not effective at all,Slightly effective,Moderately effective,Not effective at all,Very effective,Yes,Disagree,Disagree,Disagree,Somewhat disagree,Somewhat agree,Somewhat disagree,Somewhat disagree,Somewhat agree
10/22/2023,Unregulated,R_102203,In Person,I agree,No,NA,32,Full-time,Male,"$75,001 - $100,000",Yes,33634,NA,NA,NA,No,NA,No,NA,No,NA,No,NA,NA,Morning (7am - 11am),Fishing for fun or sport,NA,"Yes, with my children",NA,Section B (markers 108-146),A few times per year,None of them,Two of them,NA,NA,Agree,Strongly agree,Somewhat disagree,Agree,Slightly effective,Moderately effective,Slightly effective,Not effective at all,Extremely effective,Yes,Agree,Disagree,Somewhat agree,Somewhat agree,Strongly agree,Agree,Somewhat disagree,Strongly agree
10/22/2023,Unregulated,R_102204,In Person,I agree,No,NA,39,Full-time,Male,"$50,001 - $75,000",Yes,33782,NA,NA,NA,Yes,1,No,NA,No,NA,No,NA,NA,Morning (7am - 11am),Fishing for fun or sport,NA,"Yes, with my children",NA,Section A (markers 147-172),Once or twice a month,NA,NA,All of them,Two of them,Agree,Strongly agree,Strongly disagree,Somewhat disagree,Not effective at all,Not effective at all,Not effective at all,Not effective at all,Very effective,No,Somewhat agree,Strongly disagree,Strongly disagree,Disagree,Agree,Disagree,Disagree,Agree
10/22/2023,Unregulated,R_102205,In Person,I agree,No,NA,54,Retired,Female,"$50,001 - $75,000",Yes,34221,NA,NA,NA,Yes,20,No,NA,No,NA,No,NA,NA,Morning (7am - 11am),Fishing for fun or sport,NA,"Yes, with my spouse or significant other",NA,Section B (markers 108-146),A few times per year,NA,NA,Four of them,Two of them,Strongly agree,Somewhat agree,Strongly agree,Agree,Slightly effective,Not effective at all,Very effective,Slightly effective,Extremely effective,Yes,Agree,Strongly disagree,Disagree,Disagree,Strongly agree,Somewhat agree,Somewhat agree,Somewhat agree
10/22/2023,Unregulated,R_102206,In Person,I agree,No,NA,23,Full-time,Female,"$25,001 - $50,000",No,23235,Vacation or holiday,NA,VA,No,NA,No,NA,No,NA,No,NA,NA,"Morning (7am - 11am),Late night or early morning (7pm - 7am)","Fishing for fun or sport,Watching friends or family fish",NA,"Yes, with a parent or sibling",NA,Section B (markers 108-146),This is my first time at the pier,NA,NA,Two of them,Two of them,Agree,Somewhat agree,Somewhat disagree,Somewhat agree,Very effective,Extremely effective,Extremely effective,Moderately effective,Moderately effective,Yes,Agree,Disagree,Strongly disagree,Disagree,Agree,Strongly agree,Somewhat disagree,Agree
10/22/2023,Unregulated,R_102207,In Person,I agree,No,NA,60,Full-time,Male,"$25,000 or less",Yes,32819,NA,NA,NA,No,NA,No,NA,No,NA,No,NA,NA,"Morning (7am - 11am),Late night or early morning (7pm - 7am)",Fishing for fun or sport,NA,"Yes, with a parent or sibling",NA,Section B (markers 108-146),A few times per year,NA,NA,Four of them,Four of them,Strongly agree,Somewhat disagree,Disagree,Disagree,Not effective at all,Not effective at all,Extremely effective,Not effective at all,Very effective,No,Strongly disagree,Strongly agree,Disagree,Strongly agree,Strongly disagree,Strongly disagree,Strongly disagree,Strongly disagree
10/25/2023,Unregulated,R_102501,In Person,I agree,No,NA,71,Retired,Male,"$25,001 - $50,000",Yes,32828,Something else,I live in Orlando,Puerto Rico,No,NA,No,NA,No,NA,No,NA,NA,Morning (7am - 11am),Fishing for fun or sport,NA,"Yes, with my spouse or significant other",NA,Section B (markers 108-146),A few times per year,Two of them,Three of them,NA,NA,Agree,Somewhat agree,Strongly disagree,Agree,Very effective,Not effective at all,Moderately effective,Not effective at all,Very effective,No,NA,NA,NA,NA,NA,NA,NA,NA
10/25/2023,Unregulated,R_102502,In Person,I agree,No,NA,61,Part-time,Male,"$25,001 - $50,000",Yes,33578,NA,NA,NA,Yes,20,No,NA,No,NA,No,NA,NA,"Morning (7am - 11am),Late night or early morning (7pm - 7am)",Fishing for my own food,NA,"No, just me",NA,Section B (markers 108-146),At least once a week,Three of them,Two of them,NA,NA,Strongly agree,Agree,Strongly disagree,Somewhat disagree,Moderately effective,Not effective at all,Not effective at all,Not effective at all,Extremely effective,Yes,Strongly agree,Somewhat disagree,Disagree,Somewhat disagree,Strongly agree,Agree,Somewhat disagree,Somewhat disagree
10/25/2023,Unregulated,R_102503,In Person,I agree,No,NA,47,Full-time,Male,"$100,001 or more",Yes,33708,NA,NA,NA,No,NA,No,NA,No,NA,No,NA,NA,"Morning (7am - 11am),Late night or early morning (7pm - 7am)",Fishing for fun or sport,NA,"No, just me",NA,Section B (markers 108-146),At least once a week,NA,NA,Two of them,Two of them,Strongly disagree,Strongly agree,Somewhat agree,Somewhat agree,Moderately effective,Moderately effective,Moderately effective,Moderately effective,Moderately effective,Yes,Agree,Strongly disagree,Somewhat disagree,Somewhat disagree,Agree,Somewhat disagree,Somewhat disagree,Somewhat agree
10/25/2023,Unregulated,R_102504,In Person,I agree,No,NA,69,Retired,Male,"$75,001 - $100,000",Yes,34211,NA,NA,NA,Yes,5,No,NA,No,NA,No,NA,NA,"Morning (7am - 11am),Late night or early morning (7pm - 7am)",Fishing for fun or sport,NA,"No, just me",NA,Section C (markers 73-107),Once or twice a month,NA,NA,Three of them,Four of them,Strongly agree,Strongly agree,Strongly disagree,Strongly agree,Moderately effective,Very effective,Extremely effective,Not effective at all,Extremely effective,Yes,Strongly agree,Strongly disagree,Strongly disagree,Somewhat disagree,Strongly agree,Strongly agree,Somewhat agree,Agree
10/28/2023,Unregulated,R_102801,In Person,I agree,No,NA,38,Full-time,Male,NA,Yes,33777,NA,NA,NA,No,NA,No,NA,No,NA,No,NA,NA,"Morning (7am - 11am),Late night or early morning (7pm - 7am)","Fishing for fun or sport,Fishing for my own food",NA,"Yes, with a friend",NA,Section C (markers 73-107),A few times per year,Two of them,Three of them,NA,NA,Agree,Somewhat disagree,Strongly disagree,Somewhat agree,Not effective at all,Not effective at all,Moderately effective,Moderately effective,Extremely effective,No,Strongly disagree,Agree,Strongly disagree,Strongly agree,Strongly disagree,Somewhat disagree,Somewhat disagree,Somewhat disagree
10/28/2023,Unregulated,R_102802,In Person,I agree,No,NA,57,Retired,Male,"$50,001 - $75,000",Yes,33523,NA,NA,NA,No,NA,No,NA,No,NA,No,NA,NA,Morning (7am - 11am),Fishing for my own food,NA,"Yes, with a parent or sibling",NA,Section C (markers 73-107),At least once a week,Two of them,Two of them,NA,NA,Agree,Strongly agree,Agree,Somewhat agree,Moderately effective,Slightly effective,Moderately effective,Very effective,Very effective,No,Somewhat agree,Somewhat agree,Somewhat disagree,Disagree,Somewhat agree,Somewhat agree,Agree,Agree
10/28/2023,Unregulated,R_102803,In Person,I agree,No,NA,47,Full-time,Male,"$50,001 - $75,000",Yes,33579,NA,NA,NA,Yes,2,No,NA,No,NA,No,NA,NA,"Morning (7am - 11am),Late night or early morning (7pm - 7am)","Fishing for fun or sport,Fishing for my own food",NA,"Yes, with a parent or sibling",NA,Section C (markers 73-107),Once or twice a month,All of them,Three of them,NA,NA,Somewhat disagree,Strongly agree,Strongly disagree,Disagree,Not effective at all,Not effective at all,Very effective,Extremely effective,Moderately effective,Yes,Strongly disagree,Strongly disagree,Strongly disagree,Agree,Strongly agree,Somewhat disagree,Somewhat disagree,Agree
10/28/2023,Unregulated,R_102804,In Person,I agree,No,NA,32,Full-time,Male,"$25,001 - $50,000",Yes,34120,NA,NA,NA,No,NA,No,NA,No,NA,No,NA,NA,"Morning (7am - 11am),Late night or early morning (7pm - 7am)",Fishing for my own food,NA,"Yes, with my spouse or significant other,Yes, with my children",NA,Section C (markers 73-107),A few times per year,NA,NA,All of them,All of them,Somewhat disagree,Strongly agree,Strongly disagree,Somewhat disagree,Moderately effective,Extremely effective,Extremely effective,Not effective at all,Extremely effective,No,Strongly disagree,Somewhat agree,Strongly disagree,Strongly disagree,Agree,Somewhat disagree,Agree,Disagree
10/28/2023,Unregulated,R_102805,In Person,I agree,No,NA,32,Full-time,Male,"$50,001 - $75,000",Yes,33570,NA,NA,NA,No,NA,No,NA,No,NA,No,NA,NA,"Morning (7am - 11am),Late night or early morning (7pm - 7am)",Fishing for my own food,NA,"No, just me",NA,Section C (markers 73-107),Once or twice a month,NA,NA,All of them,Two of them,Strongly disagree,Strongly agree,Strongly disagree,Somewhat disagree,Slightly effective,Extremely effective,Extremely effective,Not effective at all,Extremely effective,Yes,Disagree,Agree,Strongly disagree,Agree,Strongly disagree,Agree,Somewhat disagree,Agree
10/28/2023,Unregulated,R_102806,In Person,I agree,No,NA,43,Full-time,Male,"$100,001 or more",Yes,34202,NA,NA,NA,Yes,6,No,NA,No,NA,No,NA,NA,"Morning (7am - 11am),Late night or early morning (7pm - 7am)",Fishing for fun or sport,NA,"No, just me",NA,Section C (markers 73-107),At least once a week,NA,NA,Four of them,Three of them,Strongly agree,Agree,Strongly disagree,Somewhat disagree,Extremely effective,Very effective,Extremely effective,Not effective at all,Extremely effective,Yes,Strongly agree,Strongly disagree,Somewhat agree,Strongly disagree,Strongly agree,Strongly agree,Somewhat disagree,Somewhat disagree
11/3/2023,Unregulated,R_110301,In Person,I agree,No,NA,75,Retired,Male,"$75,001 - $100,000",Yes,33573,NA,NA,NA,No,NA,No,NA,No,NA,No,NA,NA,Mid-day (11am - 3pm),Fishing for my own food,NA,"No, just me",NA,Section B (markers 108-146),At least once a week,Two of them,Three of them,NA,NA,Somewhat agree,Strongly agree,Somewhat disagree,Strongly agree,Extremely effective,Not effective at all,Not effective at all,Moderately effective,Not effective at all,Yes,Somewhat disagree,Somewhat disagree,Strongly disagree,Strongly disagree,Disagree,Strongly disagree,Strongly agree,Somewhat agree
11/3/2023,Unregulated,R_110302,In Person,I agree,No,NA,53,Full-time,Male,"$75,001 - $100,000",Yes,33573,NA,NA,NA,No,NA,No,NA,No,NA,No,NA,NA,Mid-day (11am - 3pm),"Fishing for fun or sport,Fishing for my own food,Watching friends or family fish,Something else",Relax,"No, just me",NA,Section A (markers 147-172),Once or twice a month,NA,NA,Two of them,Two of them,Somewhat agree,Strongly agree,Strongly disagree,Disagree,Not effective at all,Not effective at all,Moderately effective,Not effective at all,Moderately effective,Yes,Somewhat disagree,Strongly disagree,Somewhat agree,Agree,Somewhat agree,Somewhat agree,Somewhat agree,Somewhat agree
11/3/2023,Unregulated,R_110303,In Person,I agree,No,NA,66,Retired,Male,"$100,001 or more",Yes,33635,NA,NA,NA,No,NA,No,NA,No,NA,No,NA,NA,"Morning (7am - 11am),Mid-day (11am - 3pm)","Fishing for fun or sport,Fishing for my own food",NA,"Yes, with a friend",NA,Section A (markers 147-172),At least once a week,NA,NA,Four of them,Two of them,Agree,Strongly agree,Strongly disagree,Somewhat agree,Moderately effective,Not effective at all,Extremely effective,Slightly effective,Moderately effective,Yes,Strongly disagree,Disagree,Disagree,Somewhat disagree,Disagree,Agree,Strongly disagree,Strongly agree
11/3/2023,Unregulated,R_110304,In Person,I agree,No,NA,83,Retired,Male,NA,Yes,33803,NA,NA,NA,Yes,3,No,NA,No,NA,No,NA,NA,Mid-day (11am - 3pm),Fishing for fun or sport,NA,"No, just me",NA,Section A (markers 147-172),At least once a week,NA,NA,Three of them,Three of them,Strongly disagree,Strongly agree,Strongly disagree,Strongly disagree,Slightly effective,Not effective at all,Very effective,Extremely effective,Extremely effective,Yes,Somewhat disagree,Disagree,Strongly disagree,Agree,Disagree,Somewhat disagree,Strongly agree,Disagree
11/5/2023,Unregulated,X_110501,In Person,NA,NA,NA,NA,NA,NA,NA,NA,NA,NA,NA,NA,Yes,1,No,NA,No,NA,No,NA,NA,"Morning (7am - 11am),Mid-day (11am - 3pm)",NA,NA,NA,NA,Section A (markers 147-172),NA,NA,NA,NA,NA,NA,NA,NA,NA,NA,NA,NA,NA,NA,NA,NA,NA,NA,NA,NA,NA,NA,NA
11/5/2023,Unregulated,X_110502,In Person,NA,NA,NA,NA,NA,NA,NA,NA,NA,NA,NA,NA,No,NA,No,NA,No,NA,No,NA,NA,"Morning (7am - 11am),Mid-day (11am - 3pm)",NA,NA,NA,NA,Section A (markers 147-172),NA,NA,NA,NA,NA,NA,NA,NA,NA,NA,NA,NA,NA,NA,NA,NA,NA,NA,NA,NA,NA,NA,NA
11/5/2023,Unregulated,X_110503,In Person,NA,NA,NA,NA,NA,NA,NA,NA,NA,NA,NA,NA,Yes,2,No,NA,No,NA,No,NA,NA,"Morning (7am - 11am),Mid-day (11am - 3pm)",NA,NA,NA,NA,Section A (markers 147-172),NA,NA,NA,NA,NA,NA,NA,NA,NA,NA,NA,NA,NA,NA,NA,NA,NA,NA,NA,NA,NA,NA,NA
11/5/2023,Unregulated,X_110504,In Person,NA,NA,NA,NA,NA,NA,NA,NA,NA,NA,NA,NA,No,NA,No,NA,No,NA,No,NA,NA,Mid-day (11am - 3pm),NA,NA,NA,NA,Section A (markers 147-172),NA,NA,NA,NA,NA,NA,NA,NA,NA,NA,NA,NA,NA,NA,NA,NA,NA,NA,NA,NA,NA,NA,NA
11/5/2023,Unregulated,X_110505,In Person,NA,NA,NA,NA,NA,NA,NA,NA,NA,NA,NA,NA,No,NA,No,NA,No,NA,No,NA,NA,"Morning (7am - 11am),Mid-day (11am - 3pm),Late night or early morning (7pm - 7am)",NA,NA,NA,NA,Section A (markers 147-172),NA,NA,NA,NA,NA,NA,NA,NA,NA,NA,NA,NA,NA,NA,NA,NA,NA,NA,NA,NA,NA,NA,NA
11/5/2023,Unregulated,X_110506,In Person,NA,NA,NA,NA,NA,NA,NA,NA,NA,NA,NA,NA,Yes,25,No,NA,No,NA,No,NA,NA,"Mid-day (11am - 3pm),Late night or early morning (7pm - 7am)",NA,NA,NA,NA,Section B (markers 108-146),NA,NA,NA,NA,NA,NA,NA,NA,NA,NA,NA,NA,NA,NA,NA,NA,NA,NA,NA,NA,NA,NA,NA
11/5/2023,Unregulated,X_110507,In Person,NA,NA,NA,NA,NA,NA,NA,NA,NA,NA,NA,NA,No,NA,No,NA,No,NA,No,NA,NA,Mid-day (11am - 3pm),NA,NA,NA,NA,Section B (markers 108-146),NA,NA,NA,NA,NA,NA,NA,NA,NA,NA,NA,NA,NA,NA,NA,NA,NA,NA,NA,NA,NA,NA,NA
11/5/2023,Unregulated,X_110508,In Person,NA,NA,NA,NA,NA,NA,NA,NA,NA,NA,NA,NA,No,NA,No,NA,No,NA,No,NA,NA,Mid-day (11am - 3pm),NA,NA,NA,NA,Section B (markers 108-146),NA,NA,NA,NA,NA,NA,NA,NA,NA,NA,NA,NA,NA,NA,NA,NA,NA,NA,NA,NA,NA,NA,NA
11/5/2023,Unregulated,X_110509,In Person,NA,NA,NA,NA,NA,NA,NA,NA,NA,NA,NA,NA,Yes,1,No,NA,No,NA,No,NA,NA,"Morning (7am - 11am),Mid-day (11am - 3pm)",NA,NA,NA,NA,Section B (markers 108-146),NA,NA,NA,NA,NA,NA,NA,NA,NA,NA,NA,NA,NA,NA,NA,NA,NA,NA,NA,NA,NA,NA,NA
11/5/2023,Unregulated,X_110510,In Person,NA,NA,NA,NA,NA,NA,NA,NA,NA,NA,NA,NA,No,NA,No,NA,No,NA,No,NA,NA,Mid-day (11am - 3pm),NA,NA,NA,NA,Section B (markers 108-146),NA,NA,NA,NA,NA,NA,NA,NA,NA,NA,NA,NA,NA,NA,NA,NA,NA,NA,NA,NA,NA,NA,NA
11/5/2023,Unregulated,X_110511,In Person,NA,NA,NA,NA,NA,NA,NA,NA,NA,NA,NA,NA,No,NA,No,NA,No,NA,No,NA,NA,"Morning (7am - 11am),Mid-day (11am - 3pm),Late night or early morning (7pm - 7am)",NA,NA,NA,NA,Section B (markers 108-146),NA,NA,NA,NA,NA,NA,NA,NA,NA,NA,NA,NA,NA,NA,NA,NA,NA,NA,NA,NA,NA,NA,NA
11/5/2023,Unregulated,X_110512,In Person,NA,NA,NA,NA,NA,NA,NA,NA,NA,NA,NA,NA,Yes,2,No,NA,No,NA,No,NA,NA,Mid-day (11am - 3pm),NA,NA,NA,NA,Section B (markers 108-146),NA,NA,NA,NA,NA,NA,NA,NA,NA,NA,NA,NA,NA,NA,NA,NA,NA,NA,NA,NA,NA,NA,NA
11/5/2023,Unregulated,X_110513,In Person,NA,NA,NA,NA,NA,NA,NA,NA,NA,NA,NA,NA,No,NA,No,NA,No,NA,No,NA,NA,Mid-day (11am - 3pm),NA,NA,NA,NA,Section B (markers 108-146),NA,NA,NA,NA,NA,NA,NA,NA,NA,NA,NA,NA,NA,NA,NA,NA,NA,NA,NA,NA,NA,NA,NA
11/5/2023,Unregulated,X_110514,In Person,NA,NA,NA,NA,NA,NA,NA,NA,NA,NA,NA,NA,No,NA,No,NA,No,NA,No,NA,NA,"Morning (7am - 11am),Mid-day (11am - 3pm)",NA,NA,NA,NA,Section B (markers 108-146),NA,NA,NA,NA,NA,NA,NA,NA,NA,NA,NA,NA,NA,NA,NA,NA,NA,NA,NA,NA,NA,NA,NA
11/5/2023,Unregulated,X_110515,In Person,NA,NA,NA,NA,NA,NA,NA,NA,NA,NA,NA,NA,Yes,2,No,NA,No,NA,No,NA,NA,"Morning (7am - 11am),Mid-day (11am - 3pm),Late night or early morning (7pm - 7am)",NA,NA,NA,NA,Section C (markers 73-107),NA,NA,NA,NA,NA,NA,NA,NA,NA,NA,NA,NA,NA,NA,NA,NA,NA,NA,NA,NA,NA,NA,NA
11/5/2023,Unregulated,X_110516,In Person,NA,NA,NA,NA,NA,NA,NA,NA,NA,NA,NA,NA,No,NA,No,NA,No,NA,No,NA,NA,"Morning (7am - 11am),Mid-day (11am - 3pm)",NA,NA,NA,NA,Section C (markers 73-107),NA,NA,NA,NA,NA,NA,NA,NA,NA,NA,NA,NA,NA,NA,NA,NA,NA,NA,NA,NA,NA,NA,NA
11/5/2023,Unregulated,X_110517,In Person,NA,NA,NA,NA,NA,NA,NA,NA,NA,NA,NA,NA,No,NA,No,NA,No,NA,No,NA,NA,Mid-day (11am - 3pm),NA,NA,NA,NA,Section C (markers 73-107),NA,NA,NA,NA,NA,NA,NA,NA,NA,NA,NA,NA,NA,NA,NA,NA,NA,NA,NA,NA,NA,NA,NA
11/5/2023,Unregulated,X_110518,In Person,NA,NA,NA,NA,NA,NA,NA,NA,NA,NA,NA,NA,No,NA,No,NA,No,NA,No,NA,NA,Mid-day (11am - 3pm),NA,NA,NA,NA,Section C (markers 73-107),NA,NA,NA,NA,NA,NA,NA,NA,NA,NA,NA,NA,NA,NA,NA,NA,NA,NA,NA,NA,NA,NA,NA
11/5/2023,Unregulated,X_110519,In Person,NA,NA,NA,NA,NA,NA,NA,NA,NA,NA,NA,NA,No,NA,No,NA,No,NA,No,NA,NA,"Morning (7am - 11am),Mid-day (11am - 3pm)",NA,NA,NA,NA,Section C (markers 73-107),NA,NA,NA,NA,NA,NA,NA,NA,NA,NA,NA,NA,NA,NA,NA,NA,NA,NA,NA,NA,NA,NA,NA
11/5/2023,Unregulated,X_110520,In Person,NA,NA,NA,NA,NA,NA,NA,NA,NA,NA,NA,NA,No,NA,No,NA,No,NA,No,NA,NA,Mid-day (11am - 3pm),NA,NA,NA,NA,Section C (markers 73-107),NA,NA,NA,NA,NA,NA,NA,NA,NA,NA,NA,NA,NA,NA,NA,NA,NA,NA,NA,NA,NA,NA,NA
11/5/2023,Unregulated,X_110521,In Person,NA,NA,NA,NA,NA,NA,NA,NA,NA,NA,NA,NA,No,NA,No,NA,No,NA,No,NA,NA,Mid-day (11am - 3pm),NA,NA,NA,NA,Section C (markers 73-107),NA,NA,NA,NA,NA,NA,NA,NA,NA,NA,NA,NA,NA,NA,NA,NA,NA,NA,NA,NA,NA,NA,NA
11/5/2023,Unregulated,X_110522,In Person,NA,NA,NA,NA,NA,NA,NA,NA,NA,NA,NA,NA,Yes,1,No,NA,No,NA,No,NA,NA,Mid-day (11am - 3pm),NA,NA,NA,NA,Section C (markers 73-107),NA,NA,NA,NA,NA,NA,NA,NA,NA,NA,NA,NA,NA,NA,NA,NA,NA,NA,NA,NA,NA,NA,NA
11/8/2023,Unregulated,X_110801,In Person,NA,NA,NA,NA,NA,NA,NA,NA,NA,NA,NA,NA,No,0,No,NA,No,NA,No,NA,NA,Mid-day (11am - 3pm),NA,NA,NA,NA,Section A (markers 147-172),NA,NA,NA,NA,NA,NA,NA,NA,NA,NA,NA,NA,NA,NA,NA,NA,NA,NA,NA,NA,NA,NA,NA
11/8/2023,Unregulated,X_110802,In Person,NA,NA,NA,NA,NA,NA,NA,NA,NA,NA,NA,NA,No,0,No,NA,No,NA,No,NA,NA,"Morning (7am - 11am),Mid-day (11am - 3pm)",NA,NA,NA,NA,Section A (markers 147-172),NA,NA,NA,NA,NA,NA,NA,NA,NA,NA,NA,NA,NA,NA,NA,NA,NA,NA,NA,NA,NA,NA,NA
11/8/2023,Unregulated,X_110803,In Person,NA,NA,NA,NA,NA,NA,NA,NA,NA,NA,NA,NA,Yes,50,No,NA,No,NA,No,NA,NA,"Morning (7am - 11am),Mid-day (11am - 3pm)",NA,NA,NA,NA,Section A (markers 147-172),NA,NA,NA,NA,NA,NA,NA,NA,NA,NA,NA,NA,NA,NA,NA,NA,NA,NA,NA,NA,NA,NA,NA
11/8/2023,Unregulated,X_110804,In Person,NA,NA,NA,NA,NA,NA,NA,NA,NA,NA,NA,NA,No,0,No,NA,No,NA,No,NA,NA,Mid-day (11am - 3pm),NA,NA,NA,NA,Section A (markers 147-172),NA,NA,NA,NA,NA,NA,NA,NA,NA,NA,NA,NA,NA,NA,NA,NA,NA,NA,NA,NA,NA,NA,NA
11/8/2023,Unregulated,X_110805,In Person,NA,NA,NA,NA,NA,NA,NA,NA,NA,NA,NA,NA,No,0,No,NA,No,NA,No,NA,NA,"Morning (7am - 11am),Mid-day (11am - 3pm)",NA,NA,NA,NA,Section A (markers 147-172),NA,NA,NA,NA,NA,NA,NA,NA,NA,NA,NA,NA,NA,NA,NA,NA,NA,NA,NA,NA,NA,NA,NA
11/8/2023,Unregulated,X_110806,In Person,NA,NA,NA,NA,NA,NA,NA,NA,NA,NA,NA,NA,No,0,No,NA,No,NA,No,NA,NA,Mid-day (11am - 3pm),NA,NA,NA,NA,Section A (markers 147-172),NA,NA,NA,NA,NA,NA,NA,NA,NA,NA,NA,NA,NA,NA,NA,NA,NA,NA,NA,NA,NA,NA,NA
11/8/2023,Unregulated,X_110807,In Person,NA,NA,NA,NA,NA,NA,NA,NA,NA,NA,NA,NA,No,0,No,NA,No,NA,No,NA,NA,"Morning (7am - 11am),Mid-day (11am - 3pm)",NA,NA,NA,NA,Section B (markers 108-146),NA,NA,NA,NA,NA,NA,NA,NA,NA,NA,NA,NA,NA,NA,NA,NA,NA,NA,NA,NA,NA,NA,NA
11/8/2023,Unregulated,X_110808,In Person,NA,NA,NA,NA,NA,NA,NA,NA,NA,NA,NA,NA,Yes,5,No,NA,No,NA,No,NA,NA,"Morning (7am - 11am),Mid-day (11am - 3pm)",NA,NA,NA,NA,Section B (markers 108-146),NA,NA,NA,NA,NA,NA,NA,NA,NA,NA,NA,NA,NA,NA,NA,NA,NA,NA,NA,NA,NA,NA,NA
11/8/2023,Unregulated,X_110809,In Person,NA,NA,NA,NA,NA,NA,NA,NA,NA,NA,NA,NA,No,0,No,NA,No,NA,No,NA,NA,Mid-day (11am - 3pm),NA,NA,NA,NA,Section B (markers 108-146),NA,NA,NA,NA,NA,NA,NA,NA,NA,NA,NA,NA,NA,NA,NA,NA,NA,NA,NA,NA,NA,NA,NA
11/8/2023,Unregulated,X_110810,In Person,NA,NA,NA,NA,NA,NA,NA,NA,NA,NA,NA,NA,Yes,12,No,NA,No,NA,No,NA,NA,"Morning (7am - 11am),Mid-day (11am - 3pm)",NA,NA,NA,NA,Section B (markers 108-146),NA,NA,NA,NA,NA,NA,NA,NA,NA,NA,NA,NA,NA,NA,NA,NA,NA,NA,NA,NA,NA,NA,NA
11/8/2023,Unregulated,X_110811,In Person,NA,NA,NA,NA,NA,NA,NA,NA,NA,NA,NA,NA,No,0,No,NA,No,NA,No,NA,NA,"Morning (7am - 11am),Mid-day (11am - 3pm)",NA,NA,NA,NA,Section B (markers 108-146),NA,NA,NA,NA,NA,NA,NA,NA,NA,NA,NA,NA,NA,NA,NA,NA,NA,NA,NA,NA,NA,NA,NA
11/8/2023,Unregulated,X_110812,In Person,NA,NA,NA,NA,NA,NA,NA,NA,NA,NA,NA,NA,Yes,2,No,NA,No,NA,No,NA,NA,Mid-day (11am - 3pm),NA,NA,NA,NA,Section C (markers 73-107),NA,NA,NA,NA,NA,NA,NA,NA,NA,NA,NA,NA,NA,NA,NA,NA,NA,NA,NA,NA,NA,NA,NA
11/8/2023,Unregulated,X_110813,In Person,NA,NA,NA,NA,NA,NA,NA,NA,NA,NA,NA,NA,No,0,No,NA,No,NA,No,NA,NA,Mid-day (11am - 3pm),NA,NA,NA,NA,Section C (markers 73-107),NA,NA,NA,NA,NA,NA,NA,NA,NA,NA,NA,NA,NA,NA,NA,NA,NA,NA,NA,NA,NA,NA,NA
11/8/2023,Unregulated,X_110814,In Person,NA,NA,NA,NA,NA,NA,NA,NA,NA,NA,NA,NA,Yes,50,No,NA,No,NA,No,NA,NA,"Morning (7am - 11am),Mid-day (11am - 3pm)",NA,NA,NA,NA,Section C (markers 73-107),NA,NA,NA,NA,NA,NA,NA,NA,NA,NA,NA,NA,NA,NA,NA,NA,NA,NA,NA,NA,NA,NA,NA
11/8/2023,Unregulated,X_110815,In Person,NA,NA,NA,NA,NA,NA,NA,NA,NA,NA,NA,NA,No,0,No,NA,No,NA,No,NA,NA,"Morning (7am - 11am),Mid-day (11am - 3pm)",NA,NA,NA,NA,Section C (markers 73-107),NA,NA,NA,NA,NA,NA,NA,NA,NA,NA,NA,NA,NA,NA,NA,NA,NA,NA,NA,NA,NA,NA,NA
11/11/2023,Unregulated,X_111101,In Person,NA,NA,NA,NA,NA,NA,NA,NA,NA,NA,NA,NA,No,0,No,NA,No,NA,No,NA,NA,Mid-day (11am - 3pm),NA,NA,NA,NA,Section A (markers 147-172),NA,NA,NA,NA,NA,NA,NA,NA,NA,NA,NA,NA,NA,NA,NA,NA,NA,NA,NA,NA,NA,NA,NA
11/11/2023,Unregulated,X_111102,In Person,NA,NA,NA,NA,NA,NA,NA,NA,NA,NA,NA,NA,No,0,No,NA,No,NA,No,NA,NA,Mid-day (11am - 3pm),NA,NA,NA,NA,Section A (markers 147-172),NA,NA,NA,NA,NA,NA,NA,NA,NA,NA,NA,NA,NA,NA,NA,NA,NA,NA,NA,NA,NA,NA,NA
11/11/2023,Unregulated,X_111103,In Person,NA,NA,NA,NA,NA,NA,NA,NA,NA,NA,NA,NA,No,0,No,NA,No,NA,No,NA,NA,"Morning (7am - 11am),Mid-day (11am - 3pm),Late night or early morning (7pm - 7am)",NA,NA,NA,NA,Section A (markers 147-172),NA,NA,NA,NA,NA,NA,NA,NA,NA,NA,NA,NA,NA,NA,NA,NA,NA,NA,NA,NA,NA,NA,NA
11/11/2023,Unregulated,X_111104,In Person,NA,NA,NA,NA,NA,NA,NA,NA,NA,NA,NA,NA,No,0,No,NA,No,NA,No,NA,NA,"Morning (7am - 11am),Mid-day (11am - 3pm)",NA,NA,NA,NA,Section A (markers 147-172),NA,NA,NA,NA,NA,NA,NA,NA,NA,NA,NA,NA,NA,NA,NA,NA,NA,NA,NA,NA,NA,NA,NA
11/11/2023,Unregulated,X_111105,In Person,NA,NA,NA,NA,NA,NA,NA,NA,NA,NA,NA,NA,No,0,No,NA,No,NA,No,NA,NA,"Morning (7am - 11am),Mid-day (11am - 3pm),Late night or early morning (7pm - 7am)",NA,NA,NA,NA,Section A (markers 147-172),NA,NA,NA,NA,NA,NA,NA,NA,NA,NA,NA,NA,NA,NA,NA,NA,NA,NA,NA,NA,NA,NA,NA
11/11/2023,Unregulated,X_111106,In Person,NA,NA,NA,NA,NA,NA,NA,NA,NA,NA,NA,NA,No,0,No,NA,No,NA,No,NA,NA,"Morning (7am - 11am),Mid-day (11am - 3pm)",NA,NA,NA,NA,Section A (markers 147-172),NA,NA,NA,NA,NA,NA,NA,NA,NA,NA,NA,NA,NA,NA,NA,NA,NA,NA,NA,NA,NA,NA,NA
11/11/2023,Unregulated,X_111107,In Person,NA,NA,NA,NA,NA,NA,NA,NA,NA,NA,NA,NA,No,0,No,NA,No,NA,No,NA,NA,"Morning (7am - 11am),Mid-day (11am - 3pm)",NA,NA,NA,NA,Section A (markers 147-172),NA,NA,NA,NA,NA,NA,NA,NA,NA,NA,NA,NA,NA,NA,NA,NA,NA,NA,NA,NA,NA,NA,NA
11/11/2023,Unregulated,X_111108,In Person,NA,NA,NA,NA,NA,NA,NA,NA,NA,NA,NA,NA,No,0,No,NA,No,NA,No,NA,NA,"Morning (7am - 11am),Mid-day (11am - 3pm),Late night or early morning (7pm - 7am)",NA,NA,NA,NA,Section A (markers 147-172),NA,NA,NA,NA,NA,NA,NA,NA,NA,NA,NA,NA,NA,NA,NA,NA,NA,NA,NA,NA,NA,NA,NA
11/11/2023,Unregulated,X_111109,In Person,NA,NA,NA,NA,NA,NA,NA,NA,NA,NA,NA,NA,No,0,No,NA,No,NA,No,NA,NA,Mid-day (11am - 3pm),NA,NA,NA,NA,Section A (markers 147-172),NA,NA,NA,NA,NA,NA,NA,NA,NA,NA,NA,NA,NA,NA,NA,NA,NA,NA,NA,NA,NA,NA,NA
11/11/2023,Unregulated,X_111110,In Person,NA,NA,NA,NA,NA,NA,NA,NA,NA,NA,NA,NA,No,0,No,NA,No,NA,No,NA,NA,"Morning (7am - 11am),Mid-day (11am - 3pm),Late night or early morning (7pm - 7am)",NA,NA,NA,NA,Section A (markers 147-172),NA,NA,NA,NA,NA,NA,NA,NA,NA,NA,NA,NA,NA,NA,NA,NA,NA,NA,NA,NA,NA,NA,NA
11/11/2023,Unregulated,X_111111,In Person,NA,NA,NA,NA,NA,NA,NA,NA,NA,NA,NA,NA,Yes,3,No,NA,No,NA,No,NA,NA,Mid-day (11am - 3pm),NA,NA,NA,NA,Section B (markers 108-146),NA,NA,NA,NA,NA,NA,NA,NA,NA,NA,NA,NA,NA,NA,NA,NA,NA,NA,NA,NA,NA,NA,NA
11/11/2023,Unregulated,X_111112,In Person,NA,NA,NA,NA,NA,NA,NA,NA,NA,NA,NA,NA,Yes,4,No,NA,No,NA,No,NA,NA,"Morning (7am - 11am),Mid-day (11am - 3pm)",NA,NA,NA,NA,Section B (markers 108-146),NA,NA,NA,NA,NA,NA,NA,NA,NA,NA,NA,NA,NA,NA,NA,NA,NA,NA,NA,NA,NA,NA,NA
11/11/2023,Unregulated,X_111113,In Person,NA,NA,NA,NA,NA,NA,NA,NA,NA,NA,NA,NA,No,0,No,NA,No,NA,No,NA,NA,Mid-day (11am - 3pm),NA,NA,NA,NA,Section B (markers 108-146),NA,NA,NA,NA,NA,NA,NA,NA,NA,NA,NA,NA,NA,NA,NA,NA,NA,NA,NA,NA,NA,NA,NA
11/11/2023,Unregulated,X_111114,In Person,NA,NA,NA,NA,NA,NA,NA,NA,NA,NA,NA,NA,No,0,No,NA,No,NA,No,NA,NA,"Morning (7am - 11am),Mid-day (11am - 3pm)",NA,NA,NA,NA,Section B (markers 108-146),NA,NA,NA,NA,NA,NA,NA,NA,NA,NA,NA,NA,NA,NA,NA,NA,NA,NA,NA,NA,NA,NA,NA
11/11/2023,Unregulated,X_111115,In Person,NA,NA,NA,NA,NA,NA,NA,NA,NA,NA,NA,NA,No,0,No,NA,No,NA,No,NA,NA,"Morning (7am - 11am),Mid-day (11am - 3pm),Late night or early morning (7pm - 7am)",NA,NA,NA,NA,Section B (markers 108-146),NA,NA,NA,NA,NA,NA,NA,NA,NA,NA,NA,NA,NA,NA,NA,NA,NA,NA,NA,NA,NA,NA,NA
11/11/2023,Unregulated,X_111116,In Person,NA,NA,NA,NA,NA,NA,NA,NA,NA,NA,NA,NA,No,0,No,NA,No,NA,No,NA,NA,Mid-day (11am - 3pm),NA,NA,NA,NA,Section B (markers 108-146),NA,NA,NA,NA,NA,NA,NA,NA,NA,NA,NA,NA,NA,NA,NA,NA,NA,NA,NA,NA,NA,NA,NA
11/11/2023,Unregulated,X_111117,In Person,NA,NA,NA,NA,NA,NA,NA,NA,NA,NA,NA,NA,No,0,No,NA,No,NA,No,NA,NA,Mid-day (11am - 3pm),NA,NA,NA,NA,Section B (markers 108-146),NA,NA,NA,NA,NA,NA,NA,NA,NA,NA,NA,NA,NA,NA,NA,NA,NA,NA,NA,NA,NA,NA,NA
11/11/2023,Unregulated,X_111118,In Person,NA,NA,NA,NA,NA,NA,NA,NA,NA,NA,NA,NA,No,0,No,NA,No,NA,No,NA,NA,Mid-day (11am - 3pm),NA,NA,NA,NA,Section B (markers 108-146),NA,NA,NA,NA,NA,NA,NA,NA,NA,NA,NA,NA,NA,NA,NA,NA,NA,NA,NA,NA,NA,NA,NA
11/11/2023,Unregulated,X_111119,In Person,NA,NA,NA,NA,NA,NA,NA,NA,NA,NA,NA,NA,No,0,No,NA,No,NA,No,NA,NA,"Morning (7am - 11am),Mid-day (11am - 3pm)",NA,NA,NA,NA,Section B (markers 108-146),NA,NA,NA,NA,NA,NA,NA,NA,NA,NA,NA,NA,NA,NA,NA,NA,NA,NA,NA,NA,NA,NA,NA
11/11/2023,Unregulated,X_111120,In Person,NA,NA,NA,NA,NA,NA,NA,NA,NA,NA,NA,NA,Yes,1,No,NA,No,NA,No,NA,NA,Mid-day (11am - 3pm),NA,NA,NA,NA,Section B (markers 108-146),NA,NA,NA,NA,NA,NA,NA,NA,NA,NA,NA,NA,NA,NA,NA,NA,NA,NA,NA,NA,NA,NA,NA
